{"Labels": {"_type": "images/separated", "width": 2000, "height": 2000, "format": "jpg", "count": 2, "captions": ["labels_correlogram.jpg", "labels.jpg"]}, "Mosaics": {"_type": "images/separated", "width": 1280, "height": 1280, "format": "jpg", "count": 3, "captions": ["train_batch1.jpg", "train_batch2.jpg", "train_batch0.jpg"]}, "train/box_loss": 0.10128478705883026, "train/obj_loss": 0.09915611147880554, "train/cls_loss": 0.015238390304148197, "metrics/precision": 0.4747570544195418, "metrics/recall": 0.3448631233718354, "metrics/mAP_0.5": 0.3336854448510056, "metrics/mAP_0.5:0.95": 0.1686367211473571, "val/box_loss": 0.10051828622817993, "val/obj_loss": 0.08441738784313202, "val/cls_loss": 0.01817706599831581, "x/lr0": 0.002000493470073357, "x/lr1": 0.002000493470073357, "x/lr2": 0.002000493470073357, "_runtime": 13678, "_timestamp": 1644506572, "_step": 400, "Images": {"_type": "images/separated", "width": 448, "height": 448, "format": "png", "count": 16, "captions": ["0000007_04999_d_0000036_jpg.rf.d3d712d27edaf87d1cefb1d3e0bea616.jpg", "9999945_00000_d_0000092_jpg.rf.0c952f0c44dc2d441074afe4e2c33142.jpg", "9999945_00000_d_0000095_jpg.rf.a3c37eb7e835f38a90ef32d357074509.jpg", "9999945_00000_d_0000096_jpg.rf.d38ba1e05d72991988b7dd516fa989f9.jpg", "9999945_00000_d_0000106_jpg.rf.679f820a576823234644ab5c7df8253e.jpg", "9999945_00000_d_0000114_jpg.rf.7434e8ec7e7bb5d10ab92970f382e705.jpg", "9999945_00000_d_0000115_jpg.rf.6965e4d8a1e0e9edb1ecb5ba43973a86.jpg", "9999945_00000_d_0000116_jpg.rf.d98ac95f07749689449230f834ceff73.jpg", "9999945_00000_d_0000121_jpg.rf.d763475d7beeee39a4b55b76b01edae5.jpg", "9999945_00000_d_0000125_jpg.rf.0c02f10070c8e7fc6dd7f8bf72b18f84.jpg", "9999945_00000_d_0000139_jpg.rf.68ffc3c2342a44ba1fc4fb2a551f5273.jpg", "9999945_00000_d_0000152_jpg.rf.6924ed9034b8034489a9ad68c91d3f8f.jpg", "9999948_00000_d_0000004_jpg.rf.0c3929a16a7471bd4b3c9febb4d6bb18.jpg", "9999948_00000_d_0000005_jpg.rf.1504a37149fbcfeed7668fa7cc1074e8.jpg", "9999948_00000_d_0000013_jpg.rf.7d95422b28b78135e56c9832603821cd.jpg", "9999948_00000_d_0000017_jpg.rf.e766c8b201c58f633060a6df26060d2f.jpg"], "all_boxes": [{"predictions": {"_type": "boxes2D", "path": "media/metadata/boxes2D/Images_399_00.boxes2D.json", "sha256": "211f5510f9478cce9a20232beae96472fa8132e61d959c5a02c7a8c18c9a4504", "size": 56098}}, {"predictions": {"_type": "boxes2D", "path": "media/metadata/boxes2D/Images_399_10.boxes2D.json", "sha256": "66c3234f44e88210a317e8642909294c14c702b50a7f89f7a93378f86d2ab355", "size": 56554}}, {"predictions": {"_type": "boxes2D", "path": "media/metadata/boxes2D/Images_399_20.boxes2D.json", "sha256": "4dd59254519da1b3f2a652864ec6909085273cffd72246a2014639b418885c88", "size": 50427}}, {"predictions": {"_type": "boxes2D", "path": "media/metadata/boxes2D/Images_399_30.boxes2D.json", "sha256": "b02c53cf29aabecb199a97ad7b29239826b8416729b1234f55c7bc030ed037b6", "size": 56642}}, {"predictions": {"_type": "boxes2D", "path": "media/metadata/boxes2D/Images_399_40.boxes2D.json", "sha256": "22519077b512632ff91769ff95e54c4a481fbbdc94c11814a7388ab4c673cda7", "size": 56478}}, {"predictions": {"_type": "boxes2D", "path": "media/metadata/boxes2D/Images_399_50.boxes2D.json", "sha256": "ec87d95210798dc38a9a0daff510ace8f14a3863ece3d21f70f9ccdef1b12ba1", "size": 56642}}, {"predictions": {"_type": "boxes2D", "path": "media/metadata/boxes2D/Images_399_60.boxes2D.json", "sha256": "a7090f57c75119f6ccc1bbceb691b88b74dde45a92e66246bbd5c9ea626efc1c", "size": 56907}}, {"predictions": {"_type": "boxes2D", "path": "media/metadata/boxes2D/Images_399_70.boxes2D.json", "sha256": "8e52c3a65c756704fc7d420a43ba1d6f4e6cdf07523765b876d0f8f6dffe8027", "size": 56296}}, {"predictions": {"_type": "boxes2D", "path": "media/metadata/boxes2D/Images_399_80.boxes2D.json", "sha256": "61bde6b37901400a6485a7151a58004985e8a956f27f8a62e36b14854d74a256", "size": 56183}}, {"predictions": {"_type": "boxes2D", "path": "media/metadata/boxes2D/Images_399_90.boxes2D.json", "sha256": "826a2796d8733b4640aa51a95211d45b57cc4756c9602ee64f968a0b3446bbc8", "size": 56160}}, {"predictions": {"_type": "boxes2D", "path": "media/metadata/boxes2D/Images_399_100.boxes2D.json", "sha256": "1e8bc0c3604f5018d0bdc8cfdfa8e1c3215117e1150f5b7c7000ffc99c3585ef", "size": 56250}}, {"predictions": {"_type": "boxes2D", "path": "media/metadata/boxes2D/Images_399_110.boxes2D.json", "sha256": "0f30465051b9d26ab01191cd81741e92d524210ea49eb455f5f5a2a7e0f627ae", "size": 57038}}, {"predictions": {"_type": "boxes2D", "path": "media/metadata/boxes2D/Images_399_120.boxes2D.json", "sha256": "b51bb575e3aeb5b19a6492d40ac83cd5d68c7e81dd0a25390fc9379737169f95", "size": 57766}}, {"predictions": {"_type": "boxes2D", "path": "media/metadata/boxes2D/Images_399_130.boxes2D.json", "sha256": "564ac1b5f9725b9563b2da5546703090b1aa1d0661f8941890524378b310c89b", "size": 56597}}, {"predictions": {"_type": "boxes2D", "path": "media/metadata/boxes2D/Images_399_140.boxes2D.json", "sha256": "fc037e7bdae32c3d0f57c60f390ac3a89cb904b9348981d220eec21feabe959b", "size": 56466}}, {"predictions": {"_type": "boxes2D", "path": "media/metadata/boxes2D/Images_399_150.boxes2D.json", "sha256": "16fc3b3fb1c4c06e095ab691dd51b9b4889d3cdd42c4a5fed1a5c419afc925ca", "size": 56448}}]}, "Validation": {"_type": "images/separated", "width": 1280, "height": 1280, "format": "jpg", "count": 6, "captions": ["test_batch0_labels.jpg", "test_batch0_pred.jpg", "test_batch1_labels.jpg", "test_batch1_pred.jpg", "test_batch2_labels.jpg", "test_batch2_pred.jpg"]}, "Results": {"_type": "images/separated", "width": 2400, "height": 1200, "format": "png", "count": 6, "captions": ["results.png", "confusion_matrix.png", "F1_curve.png", "PR_curve.png", "P_curve.png", "R_curve.png"]}, "_wandb": {"runtime": 13678}}